PIN,PlanName,State,Participants,Year,Payment
136615604/001,ALA Lithographic Industry Pension Plan,NY,2644,2019,9851400
134920446/001,Amalgamated Insurance Fund (Clothing Fund),NY,21411,2019,20104600
730679063/001,Asbestos Workers Local 64 Pension Fund,OK,86,2019,741500
376561427/001,Bakery & Sales Drivers Local 33 Partition,MD,198,2019,1370900
510156428/001,Bay Area Laundry & Dry Cleaning Pension Fund (Dry Cleaning),CA,92,2019,98600
526120041/001,Beverage & Brewery Drivers Local 67 PP,MD,166,2019,498200
346615132/001,Brewery Workers Local 87 PP,OH,69,2019,226400
546060633/001,Bricklayers Local 1 of Richmond,PA,160,2019,65000
160847280/002,Buffalo Carpenters Pension Fund,NY,633,2019,4092600
953250649/001,California Frozen Food Industry Pension Plan,CA,327,2019,301500
231729633/001,Carpenters Industrial Council of Eastern PA Pension Fund,NJ,177,2019,625800
136218251/001,Cattle Shochtim Local 491 Retirement Plan,NJ,13,2019,351205
620857704/001,Cement Masons Local 521 Pension Plan,TN,53,2019,254700
746091787/001,Cement Masons Local 681 Pension PL,TX,205,2019,795900
741976110/001,Cement Masons Local Union 783,TX,32,2019,67200
366115256/001,Chicago Foundry Workers Pension PL,IL,282,2019,614200
386054583/001,Council 30 Retirement Plan - Sanders Plan,MI,144,2019,190000
276635486/001,CTDU Partition Pension Fund,IL,1379,2019,4717400
136600145/001,District 65 Pension Plan,NJ,5023,2019,13215200
386260586/001,Detroit Typographical Union Local 18,FL,271,2019,229700
136696565/001,Electronics 431 Pension Fund ,NY,541,2019,1150400
382131072/001,GCIU Detroit Newspapaers Local 13N,MI,351,2019,3046100
046053092/001,Graphic Arts Pressroom Retirement Plan,MA,59,2019,50000
356253328/001,Graphic Communications Local 17M,IN,106,2019,112100
136415834/001,Graphic Communications Local 51-Bindery Employers' Pension Fund,NY,441,2019,486900
386047082/001,Graphic Communications Local 2C,MT,427,2019,1988300
946075587/001,IATSE & MPMO Local 252,CA,9,2019,36800
720626673/001,Insulators Local Union 112 Pension T F,LA,147,2019,907000
386121306/001,Intern'l Assoc. of Machinists & Aerospace Workers AFL-CIO Local Lodge PM 2848 Defined Benefit Pension Plan,MI,575,2019,1740000
226238764/001,"Int'l Union of Tool, Die & Mold Makers",NJ,100,2019,450800
166085493/001,Ironworkers Local No.6 Pension Plan,NY,457,2019,1870700
226147201/001,Joint Division 1541 - Boulevard PF,NJ,67,2019,170600
956281874/001,Kern County Plasterers ,CA,20,2019,17300
133078797/001,Local 20408 United Warehouse Industrial & Affiliated Trades Employees PF,NJ,68,2019,142200
132669167/001,Local 29 RWDSU Pension Plan,NY,176,2019,304600
136608708/001,Local 74 Metal Spinners Retire Fund,NY,171,2019,530600
516120687/001,Local 76 Resort Hotel Pension Fund,NY,219,2019,634000
136621330/001,Local 413 Pension Trust Fund,NY,614,2019,1508900
136121590/001,Local 447 Pension Fund,NY,740,2019,3686400
116170262/001,Local 531 Pension Fund,NY,107,2019,470200
516044678/001,Local 976 -PSA-ILA,NY,98,2019,504800
041025730/001,Local 592 - UFCW,NY,72,2019,158000
134200325/001,Local One Photoengravers Pension Fd,NY,350,2019,564200
135664312/001,Local 1482 Paint & Allied Products Mfgrs,NJ,51,2019,694500
521368443/001,Luggage Workers Union of Philadelphia & Vicinity Local #61 RP,PA,31,2019,25400
516129060/001,UFCW Local 919 ,CT,735,2019,2038100
516033958/001,Maintenance Empls Teamsters Local 416,OH,257,2019,1298800
516031408/001,Metal Trades Industry Pension Plan & Trust Fund,CA,221,2019,690900
316136729/001,Milk & Ice Cream Industry Dairy Employees Union Pension Plan,OH,243,2019,466400
136600669/001,Milk Industry Office Employees,NY,36,2019,257900
391023329/001,Milwaukee Projectionists Local 164,WI,23,2019,75000
131815996/001,Motion Picture Laboratory Technicians Local 702 Pension Fund,NY,266,2019,447900
046357662/002,New Bedford FishLumpers ,MA,35,2019,125800
516049388/001,NMU Great Lakes Pension Plan,MD,91,2019,189300
136366689/001,"Pension Fund of The New Independent Leather, Novelty & Plastic Workers Union",DE,1940,2019,958100
236445411/002,Plasterers & Cement Masons Local 94 Partitioned Plan,PA,43,2019,82300
250913648/001,Printing Industry & Union Consolidated Pension Plan,PA,171,2019,234000
112006994/001,Production Service and Sales District Council Pension Fund,NY,2603,2019,6838100
596134877/001,PSA-ILA Pension Plan and Trust ,MS,57,2019,263400
136202748/001,Retail Local 906,NY,102,2019,83600
136088918/001,Retirement Fund of the Fur Manufacturing Industry,NY,636,2019,438700
135669982/001,Retirement  Plan of UFCW Local 1102 Retirement Fund,NY,184,2019,369600
516106510/001,Road Carriers Local 707,NY,2933,2019,15418800
166158018/001,Roofers' Local 195 Pension Plan,NY,128,2019,324300
386193877/001,Roofers Union Local 211 Pension Plan (aka Grand Rapids Roofers),MI,12,2019,34600
226077641/001,Schiffli Embroidery Workers Pension Plan,NJ,875,2019,1182100
516030005/001,"So. CA, AZ, CO & So. NV Glaziers, Architectural Metal  & Glass Wkrs PP.",CA,1917,2019,5651000
620977497/001,Southern Council of Industrial Workers,WV,281,2019,303700
132843184/001,Teamsters Local 240 Pension Fund,MD,63,2019,82800
516092142/001,Teamsters Local 264 Van Drivers,NY,39,2019,142900
221921819/001,Teamsters Local 575 Pension Fund,NJ,80,2019,194400
346605342/001,Textile Processors Service Trades Health Care Union Local 1,OH,415,2019,592300
340120425/001,"United Brick & Clay Workers of America, AFL-CIO District Council #9 PP",OH,231,2019,153600
136696824/001,UFCW Local 50,NY,850,2019,3787700
136219542/001,UFCW Local 174 Pension Fund,NY,2285,2019,9116000
131845497/001,UFCW Local 174 Retail Pension Fund,NY,741,2019,1974100
221468736/001,UFCW Local 1049 Retirement Fund,NJ,178,2019,334000
226181292/002,UFCW Local 1262 ,NJ,604,2019,945500
236410991/001,UFCW Pension Fund of Northeast. PA,PA,943,2019,3884000
660344357/001, Union De Tronquistas De Puerto Rico Local 901 Pension Plan,PR,1613,2019,660000
822674654/001,United Furniture Workers Successor PF,TN,3118,2019,7305100
131913618/001,United Optical Workers Pension Fund,NY,437,2019,547100
516049525/001,Washington-Oregon Furniture Workers Pension Fund,WA,99,2019,60000
956035245/001,"Western Growers Pension Plan & Trust ""A""",CA,1577,2019,3882300
221546279/001,Wine & Liquor Salesmen of New Jersey Retirement Fund,NJ,587,2019,2693800
836013705/001,Wyoming Carpenters' Pension Plan,WY,272,2019,1162000
136615604/001,ALA Lithographic Industry Pension Plan,NY,2644,2018,9283000
134920446/001,Amalgamated Insurance Fund (Clothing Fund),NY,21411,2018,21957100
730679063/001,Asbestos Workers Local 64 Pension Fund,OK,86,2018,722700
376561427/001,Bakery & Sales Drivers Local 33 Partition,MD,198,2018,1394400
510156428/001,Bay Area Laundry & Dry Cleaning Pension Fund (Dry Cleaning),CA,92,2018,111000
510156428/002,Bay Area Laundry & Dry Cleaning Pension Fund (Laundry),CA,130,2018,141500
346615132/001,Brewery Workers Local 87 PP,OH,69,2018,267900
160847280/002,Buffalo Carpenters Pension Fund,NY,633,2018,4303800
953250649/001,California Frozen Food Industry Pension Plan,CA,327,2018,366500
231729633/001,Carpenters Industrial Council of Eastern PA Pension Fund,NJ,177,2018,511800
136218251/001,Cattle Shochtim Local 491 Retirement Plan,NJ,13,2018,41500
620857704/001,Cement Masons Local 521 Pension Plan,TN,53,2018,78000
746091787/001,Cement Masons Local 681 Pension PL,TX,205,2018,860700
741976110/001,Cement Masons Local Union 783,TX,32,2018,129700
366115256/001,Chicago Foundry Workers Pension PL,IL,282,2018,518100
386054583/001,Council 30 Retirement Plan - Sanders Plan,MI,144,2018,204900
276635486/001,CTDU Partition Pension Fund,IL,1379,2018,4965000
136600145/001,District 65 Pension Plan,NJ,5023,2018,14302600
386260586/001,Detroit Typographical Union Local 18,FL,271,2018,427100
136696565/001,Electronics 431 Pension Fund ,NY,541,2018,1215500
046053092/001,Graphic Arts Pressroom Retirement Plan,MA,59,2018,46600
356253328/001,Graphic Communications Local 17M,IN,106,2018,118200
136415834/001,Graphic Communications Local 51-Bindery Employers' Pension Fund,NY,441,2018,594200
386047082/001,Graphic Communications Local 2C,MT,427,2018,2093300
946075587/001,IATSE & MPMO Local 252,CA,9,2018,59900
720626673/001,Insulators Local Union 112 Pension T F,LA,147,2018,739200
386121306/001,Intern'l Assoc. of Machinists & Aerospace Workers AFL-CIO Local Lodge PM 2848 Defined Benefit Pension Plan,MI,575,2018,1745300
226238764/001,"Int'l Union of Tool, Die & Mold Makers",NJ,100,2018,305400
166085493/001,Ironworkers Local No.6 Pension Plan,NY,457,2018,1653400
226147201/001,Joint Division 1541 - Boulevard PF,NJ,67,2018,176000
956281874/001,Kern County Plasterers ,CA,20,2018,746000
133078797/001,Local 20408 United Warehouse Industrial & Affiliated Trades Employees PF,NJ,68,2018,92100
132669167/001,Local 29 RWDSU Pension Plan,NY,176,2018,299700
136608708/001,Local 74 Metal Spinners Retire Fund,NY,171,2018,600200
516120687/001,Local 76 Resort Hotel Pension Fund,NY,219,2018,639600
136621330/001,Local 413 Pension Trust Fund,NY,614,2018,1560800
136121590/001,Local 447 Pension Fund,NY,740,2018,3860500
116170262/001,Local 531 Pension Fund,NY,107,2018,508800
516044678/001,Local 976 -PSA-ILA,NY,98,2018,496300
041025730/001,Local 592 - UFCW,NY,72,2018,173600
134200325/001,Local One Photoengravers Pension Fd,NY,350,2018,603000
521368443/001,Luggage Workers Union of Philadelphia & Vicinity Local #61 RP,PA,31,2018,28700
516129060/001,UFCW Local 919 ,CT,735,2018,2040000
516033958/001,Maintenance Empls Teamsters Local 416,OH,257,2018,1400900
046011592/001,Massachusetts Leather Pension Plan,MA,256,2018,630
116135316/001,Master Electro Platers Employees Pension Plan,CT,85,2018,6110
516031408/001,Metal Trades Industry Pension Plan & Trust Fund,CA,221,2018,740200
316136729/001,Milk & Ice Cream Industry Dairy Employees Union Pension Plan,OH,243,2018,468200
136600669/001,Milk Industry Office Employees,NY,36,2018,324200
391023329/001,Milwaukee Projectionists Local 164,WI,23,2018,92100
131815996/001,Motion Picture Laboratory Technicians Local 702 Pension Fund,NY,266,2018,445900
046357662/002,New Bedford FishLumpers ,MA,35,2018,133600
516049388/001,NMU Great Lakes Pension Plan,MD,91,2018,173300
136366689/001,"Pension Fund of The New Independent Leather, Novelty & Plastic Workers Union",DE,1940,2018,1016400
250913648/001,Printing Industry & Union Consolidated Pension Plan,PA,171,2018,238500
112006994/001,Production Service and Sales District Council Pension Fund,NY,2603,2018,7765700
596134877/001,PSA-ILA Pension Plan and Trust ,MS,57,2018,245100
136202748/001,Retail Local 906,NY,102,2018,85300
136088918/001,Retirement Fund of the Fur Manufacturing Industry,NY,636,2018,439300
135669982/001,Retirement  Plan of UFCW Local 1102 Retirement Fund,NY,184,2018,393000
516106510/001,Road Carriers Local 707,NY,2933,2018,15448900
166158018/001,Roofers' Local 195 Pension Plan,NY,128,2018,544400
386193877/001,Roofers Union Local 211 Pension Plan (aka Grand Rapids Roofers),MI,12,2018,40200
226077641/001,Schiffli Embroidery Workers Pension Plan,NJ,875,2018,1298500
516030005/001,"So. CA, AZ, CO & So. NV Glaziers, Architectural Metal  & Glass Wkrs PP.",CA,1917,2018,6111200
620977497/001,Southern Council of Industrial Workers,WV,281,2018,324500
132843184/001,Teamsters Local 240 Pension Fund,MD,63,2018,98900
221921819/001,Teamsters Local 575 Pension Fund,NJ,80,2018,200300
346605342/001,Textile Processors Service Trades Health Care Union Local 1,OH,415,2018,643300
340120425/001,"United Brick & Clay Workers of America, AFL-CIO District Council #9 PP",OH,231,2018,142100
136696824/001,UFCW Local 50,NY,850,2018,4259900
136219542/001,UFCW Local 174 Pension Fund,NY,2285,2018,10078000
131845497/001,UFCW Local 174 Retail Pension Fund,NY,741,2018,495900
221468736/001,UFCW Local 1049 Retirement Fund,NJ,178,2018,393100
226181292/002,UFCW Local 1262 ,NJ,604,2018,967200
822674654/001,United Furniture Workers Successor PF,TN,3118,2018,8359400
131913618/001,United Optical Workers Pension Fund,NY,437,2018,543900
516049525/001,Washington-Oregon Furniture Workers Pension Fund,WA,99,2018,71000
956035245/001,"Western Growers Pension Plan & Trust ""A""",CA,1577,2018,4084000
221546279/001,Wine & Liquor Salesmen of New Jersey Retirement Fund,NJ,587,2018,2739900
836013705/001,Wyoming Carpenters' Pension Plan,WY,272,2018,1166200
136615604/001,ALA Lithographic Industry Pension Plan,NY,2644,2017,10341700
134920446/001,Amalgamated Insurance Fund (Clothing Fund),NY,21411,2017,22604000
730679063/001,Asbestos Workers Local 64 Pension Fund,OK,86,2017,734100
376561427/001,Bakery & Sales Drivers Local 33 Partition,MD,198,2017,1425500
510156428/001,Bay Area Laundry & Dry Cleaning Pension Fund (Dry Cleaning),CA,92,2017,120300
510156428/002,Bay Area Laundry & Dry Cleaning Pension Fund (Laundry),CA,130,2017,172600
346615132/001,Brewery Workers Local 87 PP,OH,69,2017,189700
160847280/002,Buffalo Carpenters Pension Fund,NY,633,2017,3452200
953250649/001,California Frozen Food Industry Pension Plan,CA,327,2017,408000
231729633/001,Carpenters Industrial Council of Eastern PA Pension Fund,NJ,177,2017,119800
136218251/001,Cattle Shochtim Local 491 Retirement Plan,NJ,13,2017,30000
746091787/001,Cement Masons Local 681 Pension PL,TX,205,2017,819600
741976110/001,Cement Masons Local Union 783,TX,32,2017,188700
366115256/001,Chicago Foundry Workers Pension PL,IL,282,2017,527900
386054583/001,Council 30 Retirement Plan - Sanders Plan,MI,144,2017,220000
276635486/001,CTDU Partition Pension Fund,IL,1379,2017,5142200
136600145/001,District 65 Pension Plan,NJ,5023,2017,15156300
386260586/001,Detroit Typographical Union Local 18,FL,271,2017,184100
136696565/001,Electronics 431 Pension Fund ,NY,541,2017,1287300
046053092/001,Graphic Arts Pressroom Retirement Plan,MA,59,2017,80700
356253328/001,Graphic Communications Local 17M,IN,106,2017,104400
136415834/001,Graphic Communications Local 51-Bindery Employers' Pension Fund,NY,441,2017,605900
386047082/001,Graphic Communications Local 2C,MT,427,2017,2105100
386121306/001,Intern'l Assoc. of Machinists & Aerospace Workers AFL-CIO Local Lodge PM 2848 Defined Benefit Pension Plan,MI,575,2017,1792000
166085493/001,Ironworkers Local No.6 Pension Plan,NY,457,2017,1801500
226147201/001,Joint Division 1541 - Boulevard PF,NJ,67,2017,187700
956281874/001,Kern County Plasterers ,CA,20,2017,74200
133078797/001,Local 20408 United Warehouse Industrial & Affiliated Trades Employees PF,NJ,68,2017,102700
132669167/001,Local 29 RWDSU Pension Plan,NY,176,2017,291800
136608708/001,Local 74 Metal Spinners Retire Fund,NY,171,2017,669200
516120687/001,Local 76 Resort Hotel Pension Fund,NY,219,2017,658800
136621330/001,Local 413 Pension Trust Fund,NY,614,2017,1237800
136121590/001,Local 447 Pension Fund,NY,740,2017,3221500
116170262/001,Local 531 Pension Fund,NY,107,2017,469500
516044678/001,Local 976 -PSA-ILA,NY,98,2017,485400
041025730/001,Local 592 - UFCW,NY,72,2017,198800
134200325/001,Local One Photoengravers Pension Fd,NY,350,2017,668200
521368443/001,Luggage Workers Union of Philadelphia & Vicinity Local #61 RP,PA,31,2017,36100
516129060/001,UFCW Local 919 ,CT,735,2017,2074500
516033958/001,Maintenance Empls Teamsters Local 416,OH,257,2017,782100
046011592/001,Massachusetts Leather Pension Plan,MA,256,2017,10653.47
516031408/001,Metal Trades Industry Pension Plan & Trust Fund,CA,221,2017,701800
316136729/001,Milk & Ice Cream Industry Dairy Employees Union Pension Plan,OH,243,2017,495200
136600669/001,Milk Industry Office Employees,NY,36,2017,246800
391023329/001,Milwaukee Projectionists Local 164,WI,23,2017,63100
131815996/001,Motion Picture Laboratory Technicians Local 702 Pension Fund,NY,266,2017,522000
046357662/002,New Bedford FishLumpers ,MA,35,2017,127100
516049388/001,NMU Great Lakes Pension Plan,MD,91,2017,179800
136366689/001,"Pension Fund of The New Independent Leather, Novelty & Plastic Workers Union",DE,1940,2017,1063000
250913648/001,Printing Industry & Union Consolidated Pension Plan,PA,171,2017,262800
112006994/001,Production Service and Sales District Council Pension Fund,NY,2603,2017,7031400
596134877/001,PSA-ILA Pension Plan and Trust ,MS,57,2017,213600
136202748/001,Retail Local 906,NY,102,2017,90500
136088918/001,Retirement Fund of the Fur Manufacturing Industry,NY,636,2017,579200
135669982/001,Retirement  Plan of UFCW Local 1102 Retirement Fund,NY,184,2017,373100
516106510/001,Road Carriers Local 707,NY,2933,2017,11045800
166158018/001,Roofers' Local 195 Pension Plan,NY,128,2017,325300
226077641/001,Schiffli Embroidery Workers Pension Plan,NJ,875,2017,1382000
516030005/001,"So. CA, AZ, CO & So. NV Glaziers, Architectural Metal  & Glass Wkrs PP.",CA,1917,2017,5975300
620977497/001,Southern Council of Industrial Workers,WV,281,2017,320600
132843184/001,Teamsters Local 240 Pension Fund,MD,63,2017,97100
346605342/001,Textile Processors Service Trades Health Care Union Local 1,OH,415,2017,626400
340120425/001,"United Brick & Clay Workers of America, AFL-CIO District Council #9 PP",OH,231,2017,158500
136696824/001,UFCW Local 50,NY,850,2017,4160000
136219542/001,UFCW Local 174 Pension Fund,NY,2285,2017,9304100
131845497/001,UFCW Local 174 Retail Pension Fund,NY,741,2017,1956200
221468736/001,UFCW Local 1049 Retirement Fund,NJ,178,2017,380800
226181292/002,UFCW Local 1262 ,NJ,604,2017,993900
822674654/001,United Furniture Workers Successor PF,TN,3118,2017,2385000
131913618/001,United Optical Workers Pension Fund,NY,437,2017,587100
516049525/001,Washington-Oregon Furniture Workers Pension Fund,WA,99,2017,73300
956035245/001,"Western Growers Pension Plan & Trust ""A""",CA,1577,2017,4215400
221546279/001,Wine & Liquor Salesmen of New Jersey Retirement Fund,NJ,587,2017,2937800
836013705/001,Wyoming Carpenters' Pension Plan,WY,272,2017,1161500
136615604/001,ALA Lithographic Industry Pension Plan,NY,2644,2016,8329300
134920446/001,Amalgamated Insurance Fund (Clothing Fund),NY,21411,2016,23637000
730679063/001,Asbestos Workers Local 64 Pension Fund,OK,86,2016,754200
376561427/001,Bakery & Sales Drivers Local 33 Partition,MD,198,2016,1424800
510156428/001,Bay Area Laundry & Dry Cleaning Pension Fund (Dry Cleaning),CA,92,2016,141400
510156428/002,Bay Area Laundry & Dry Cleaning Pension Fund (Laundry),CA,130,2016,149000
346615132/001,Brewery Workers Local 87 PP,OH,69,2016,368800
160847280/002,Buffalo Carpenters Pension Fund,NY,633,2016,2619515
953250649/001,California Frozen Food Industry Pension Plan,CA,327,2016,383000
136218251/001,Cattle Shochtim Local 491 Retirement Plan,NJ,13,2016,29700
746091787/001,Cement Masons Local 681 Pension PL,TX,205,2016,260200
366115256/001,Chicago Foundry Workers Pension PL,IL,282,2016,522300
386054583/001,Council 30 Retirement Plan - Sanders Plan,MI,144,2016,2.00E+05
276635486/001,CTDU Partition Pension Fund,IL,1379,2016,5309500
136600145/001,District 65 Pension Plan,NJ,5023,2016,14527900
386260586/001,Detroit Typographical Union Local 18,FL,271,2016,295700
136696565/001,Electronics 431 Pension Fund ,NY,541,2016,1315400
046053092/001,Graphic Arts Pressroom Retirement Plan,MA,59,2016,54900
356253328/001,Graphic Communications Local 17M,IN,106,2016,57200
136415834/001,Graphic Communications Local 51-Bindery Employers' Pension Fund,NY,441,2016,614600
386047082/001,Graphic Communications Local 2C,MT,427,2016,2671200
386121306/001,Intern'l Assoc. of Machinists & Aerospace Workers AFL-CIO Local Lodge PM 2848 Defined Benefit Pension Plan,MI,575,2016,1806500
166085493/001,Ironworkers Local No.6 Pension Plan,NY,457,2016,1712900
226147201/001,Joint Division 1541 - Boulevard PF,NJ,67,2016,191000
956281874/001,Kern County Plasterers ,CA,20,2016,78000
133078797/001,Local 20408 United Warehouse Industrial & Affiliated Trades Employees PF,NJ,68,2016,93200
132669167/001,Local 29 RWDSU Pension Plan,NY,176,2016,277000
136608708/001,Local 74 Metal Spinners Retire Fund,NY,171,2016,563900
516120687/001,Local 76 Resort Hotel Pension Fund,NY,219,2016,641400
116170262/001,Local 531 Pension Fund,NY,107,2016,411100
516044678/001,Local 976 -PSA-ILA,NY,98,2016,471500
041025730/001,Local 592 - UFCW,NY,72,2016,63100
134200325/001,Local One Photoengravers Pension Fd,NY,350,2016,627900
136092109/001,Local 807 Armored Car Div. Pension Fund,NY,1,2016,11886
521368443/001,Luggage Workers Union of Philadelphia & Vicinity Local #61 RP,PA,31,2016,19000
516129060/001,UFCW Local 919 ,CT,735,2016,2090600
046011592/001,Massachusetts Leather Pension Plan,MA,256,2016,31744.47
116135316/001,Master Electro Platers Employees Pension Plan,CT,85,2016,5680
516031408/001,Metal Trades Industry Pension Plan & Trust Fund,CA,221,2016,599600
316136729/001,Milk & Ice Cream Industry Dairy Employees Union Pension Plan,OH,243,2016,496700
391023329/001,Milwaukee Projectionists Local 164,WI,23,2016,110700
131815996/001,Motion Picture Laboratory Technicians Local 702 Pension Fund,NY,266,2016,583800
046357662/002,New Bedford FishLumpers ,MA,35,2016,130600
516049388/001,NMU Great Lakes Pension Plan,MD,91,2016,61200
136366689/001,"Pension Fund of The New Independent Leather, Novelty & Plastic Workers Union",DE,1940,2016,1039700
250913648/001,Printing Industry & Union Consolidated Pension Plan,PA,171,2016,239700
112006994/001,Production Service and Sales District Council Pension Fund,NY,2603,2016,7060600
596134877/001,PSA-ILA Pension Plan and Trust ,MS,57,2016,251900
136202748/001,Retail Local 906,NY,102,2016,101500
136088918/001,Retirement Fund of the Fur Manufacturing Industry,NY,636,2016,513900
135669982/001,Retirement  Plan of UFCW Local 1102 Retirement Fund,NY,184,2016,192300
226077641/001,Schiffli Embroidery Workers Pension Plan,NJ,875,2016,1418000
516030005/001,"So. CA, AZ, CO & So. NV Glaziers, Architectural Metal  & Glass Wkrs PP.",CA,1917,2016,5879100
620977497/001,Southern Council of Industrial Workers,WV,281,2016,322200
132843184/001,Teamsters Local 240 Pension Fund,MD,63,2016,116400
340120425/001,"United Brick & Clay Workers of America, AFL-CIO District Council #9 PP",OH,231,2016,174500
136696824/001,UFCW Local 50,NY,850,2016,4494000
136219542/001,UFCW Local 174 Pension Fund,NY,2285,2016,3783700
131845497/001,UFCW Local 174 Retail Pension Fund,NY,741,2016,1508900
221468736/001,UFCW Local 1049 Retirement Fund,NJ,178,2016,423800
226181292/002,UFCW Local 1262 ,NJ,604,2016,988200
131913618/001,United Optical Workers Pension Fund,NY,437,2016,589150
516049525/001,Washington-Oregon Furniture Workers Pension Fund,WA,99,2016,80100
956035245/001,"Western Growers Pension Plan & Trust ""A""",CA,1577,2016,4295000
221546279/001,Wine & Liquor Salesmen of New Jersey Retirement Fund,NJ,587,2016,3071400
836013705/001,Wyoming Carpenters' Pension Plan,WY,272,2016,1245100
134920446/001,Amalgamated Insurance Fund (Clothing Fund),NY,21411,2015,26809000
730679063/001,Asbestos Workers Local 64 Pension Fund,OK,86,2015,737840
376561427/001,Bakery & Sales Drivers Local 33 Partition,MD,198,2015,1483200
510156428/001,Bay Area Laundry & Dry Cleaning Pension Fund (Dry Cleaning),CA,92,2015,164100
510156428/002,Bay Area Laundry & Dry Cleaning Pension Fund (Laundry),CA,130,2015,159200
160847280/002,Buffalo Carpenters Pension Fund,NY,633,2015,2579200
953250649/001,California Frozen Food Industry Pension Plan,CA,327,2015,429200
136218251/001,Cattle Shochtim Local 491 Retirement Plan,NJ,13,2015,29700
366115256/001,Chicago Foundry Workers Pension PL,IL,282,2015,166400
386054583/001,Council 30 Retirement Plan - Sanders Plan,MI,144,2015,287300
276635486/001,CTDU Partition Pension Fund,IL,1379,2015,5529200
136600145/001,District 65 Pension Plan,NJ,5023,2015,16963400
386260586/001,Detroit Typographical Union Local 18,FL,271,2015,370000
136696565/001,Electronics 431 Pension Fund ,NY,541,2015,1313000
046053092/001,Graphic Arts Pressroom Retirement Plan,MA,59,2015,63200
136415834/001,Graphic Communications Local 51-Bindery Employers' Pension Fund,NY,441,2015,693100
386047082/001,Graphic Communications Local 2C,MT,427,2015,1802200
386121306/001,Intern'l Assoc. of Machinists & Aerospace Workers AFL-CIO Local Lodge PM 2848 Defined Benefit Pension Plan,MI,575,2015,1851700
166085493/001,Ironworkers Local No.6 Pension Plan,NY,457,2015,1791000
226147201/001,Joint Division 1541 - Boulevard PF,NJ,67,2015,171700
956281874/001,Kern County Plasterers ,CA,20,2015,74200
133078797/001,Local 20408 United Warehouse Industrial & Affiliated Trades Employees PF,NJ,68,2015,90600
132669167/001,Local 29 RWDSU Pension Plan,NY,176,2015,329200
516120687/001,Local 76 Resort Hotel Pension Fund,NY,219,2015,694500
116170262/001,Local 531 Pension Fund,NY,107,2015,451600
516044678/001,Local 976 -PSA-ILA,NY,98,2015,476500
041025730/001,Local 592 - UFCW,NY,72,2015,224200
521368443/001,Luggage Workers Union of Philadelphia & Vicinity Local #61 RP,PA,31,2015,36000
516129060/001,UFCW Local 919 ,CT,735,2015,2296600
516031408/001,Metal Trades Industry Pension Plan & Trust Fund,CA,221,2015,616600
316136729/001,Milk & Ice Cream Industry Dairy Employees Union Pension Plan,OH,243,2015,526900
391023329/001,Milwaukee Projectionists Local 164,WI,23,2015,103700
131815996/001,Motion Picture Laboratory Technicians Local 702 Pension Fund,NY,266,2015,643000
046357662/002,New Bedford FishLumpers ,MA,35,2015,148200
916062412/001,Northwest Textile Processors & Service Trades Pension Plan,WA,119,2015,787162.22
136366689/001,"Pension Fund of The New Independent Leather, Novelty & Plastic Workers Union",DE,1940,2015,1133100
250913648/001,Printing Industry & Union Consolidated Pension Plan,PA,171,2015,281800
112006994/001,Production Service and Sales District Council Pension Fund,NY,2603,2015,7535500
596134877/001,PSA-ILA Pension Plan and Trust ,MS,57,2015,256300
136202748/001,Retail Local 906,NY,102,2015,102900
136088918/001,Retirement Fund of the Fur Manufacturing Industry,NY,636,2015,548100
166158018/001,Roofers' Local 195 Pension Plan,NY,128,2015,157100
226077641/001,Schiffli Embroidery Workers Pension Plan,NJ,875,2015,1458200
516030005/001,"So. CA, AZ, CO & So. NV Glaziers, Architectural Metal  & Glass Wkrs PP.",CA,1917,2015,7190600
620977497/001,Southern Council of Industrial Workers,WV,281,2015,380900
132843184/001,Teamsters Local 240 Pension Fund,MD,63,2015,115600
956382618/001,Terrazzo Industry Pension Trust Fund,CA,63,2015,551290.04
346605342/001,Textile Processors Service Trades Health Care Union Local 1,OH,415,2015,234200
340120425/001,"United Brick & Clay Workers of America, AFL-CIO District Council #9 PP",OH,231,2015,192700
136696824/001,UFCW Local 50,NY,850,2015,385000
221468736/001,UFCW Local 1049 Retirement Fund,NJ,178,2015,416600
226181292/002,UFCW Local 1262 ,NJ,604,2015,1116200
131913618/001,United Optical Workers Pension Fund,NY,437,2015,649400
516049525/001,Washington-Oregon Furniture Workers Pension Fund,WA,99,2015,87600
956035245/001,"Western Growers Pension Plan & Trust ""A""",CA,1577,2015,4522700
221546279/001,Wine & Liquor Salesmen of New Jersey Retirement Fund,NJ,587,2015,3225200
836013705/001,Wyoming Carpenters' Pension Plan,WY,272,2015,1165000
134920446/001,Amalgamated Insurance Fund (Clothing Fund),NY,21411,2014,25556000
730679063/001,Asbestos Workers Local 64 Pension Fund,OK,86,2014,720600
376561427/001,Bakery & Sales Drivers Local 33 Partition,MD,198,2014,1285200
510156428/001,Bay Area Laundry & Dry Cleaning Pension Fund (Dry Cleaning),CA,92,2014,140600
510156428/002,Bay Area Laundry & Dry Cleaning Pension Fund (Laundry),CA,130,2014,130600
160847280/002,Buffalo Carpenters Pension Fund,NY,633,2014,3152900
953250649/001,California Frozen Food Industry Pension Plan,CA,327,2014,424700
136218251/001,Cattle Shochtim Local 491 Retirement Plan,NJ,13,2014,39300
386054583/001,Council 30 Retirement Plan - Sanders Plan,MI,144,2014,289700
276635486/001,CTDU Partition Pension Fund,IL,1379,2014,5664900
136600145/001,District 65 Pension Plan,NJ,5023,2014,15793300
386260586/001,Detroit Typographical Union Local 18,FL,271,2014,537000
136696565/001,Electronics 431 Pension Fund ,NY,541,2014,1545800
046053092/001,Graphic Arts Pressroom Retirement Plan,MA,59,2014,56600
136415834/001,Graphic Communications Local 51-Bindery Employers' Pension Fund,NY,441,2014,731400
386121306/001,Intern'l Assoc. of Machinists & Aerospace Workers AFL-CIO Local Lodge PM 2848 Defined Benefit Pension Plan,MI,575,2014,1315100
166085493/001,Ironworkers Local No.6 Pension Plan,NY,457,2014,1936900
226147201/001,Joint Division 1541 - Boulevard PF,NJ,67,2014,181100
956281874/001,Kern County Plasterers ,CA,20,2014,62000
133078797/001,Local 20408 United Warehouse Industrial & Affiliated Trades Employees PF,NJ,68,2014,97300
132669167/001,Local 29 RWDSU Pension Plan,NY,176,2014,307600
516120687/001,Local 76 Resort Hotel Pension Fund,NY,219,2014,720100
116170262/001,Local 531 Pension Fund,NY,107,2014,108100
041025730/001,Local 592 - UFCW,NY,72,2014,145400
521368443/001,Luggage Workers Union of Philadelphia & Vicinity Local #61 RP,PA,31,2014,44000
516129060/001,UFCW Local 919 ,CT,735,2014,1936700
116135316/001,Master Electro Platers Employees Pension Plan,CT,85,2014,169521.94
516031408/001,Metal Trades Industry Pension Plan & Trust Fund,CA,221,2014,654900
316136729/001,Milk & Ice Cream Industry Dairy Employees Union Pension Plan,OH,243,2014,592900
391023329/001,Milwaukee Projectionists Local 164,WI,23,2014,52200
131815996/001,Motion Picture Laboratory Technicians Local 702 Pension Fund,NY,266,2014,633900
046357662/002,New Bedford FishLumpers ,MA,35,2014,153800
916062412/001,Northwest Textile Processors & Service Trades Pension Plan,WA,119,2014,139100
136366689/001,"Pension Fund of The New Independent Leather, Novelty & Plastic Workers Union",DE,1940,2014,1456400
250913648/001,Printing Industry & Union Consolidated Pension Plan,PA,171,2014,278600
112006994/001,Production Service and Sales District Council Pension Fund,NY,2603,2014,7484100
596134877/001,PSA-ILA Pension Plan and Trust ,MS,57,2014,434000
136202748/001,Retail Local 906,NY,102,2014,105700
136088918/001,Retirement Fund of the Fur Manufacturing Industry,NY,636,2014,608800
226077641/001,Schiffli Embroidery Workers Pension Plan,NJ,875,2014,1503600
516030005/001,"So. CA, AZ, CO & So. NV Glaziers, Architectural Metal  & Glass Wkrs PP.",CA,1917,2014,7386700
620977497/001,Southern Council of Industrial Workers,WV,281,2014,360500
132843184/001,Teamsters Local 240 Pension Fund,MD,63,2014,123200
956382618/001,Terrazzo Industry Pension Trust Fund,CA,63,2014,78900
340120425/001,"United Brick & Clay Workers of America, AFL-CIO District Council #9 PP",OH,231,2014,171400
221468736/001,UFCW Local 1049 Retirement Fund,NJ,178,2014,650600
226181292/002,UFCW Local 1262 ,NJ,604,2014,883600
131913618/001,United Optical Workers Pension Fund,NY,437,2014,636300
516049525/001,Washington-Oregon Furniture Workers Pension Fund,WA,99,2014,89900
956035245/001,"Western Growers Pension Plan & Trust ""A""",CA,1577,2014,4644300
221546279/001,Wine & Liquor Salesmen of New Jersey Retirement Fund,NJ,587,2014,3249300
836013705/001,Wyoming Carpenters' Pension Plan,WY,272,2014,1140300
134920446/001,Amalgamated Insurance Fund (Clothing Fund),NY,21411,2013,27296000
730679063/001,Asbestos Workers Local 64 Pension Fund,OK,86,2013,830000
510156428/001,Bay Area Laundry & Dry Cleaning Pension Fund (Dry Cleaning),CA,92,2013,183200
510156428/002,Bay Area Laundry & Dry Cleaning Pension Fund (Laundry),CA,130,2013,130300
160847280/002,Buffalo Carpenters Pension Fund,NY,633,2013,3349400
953250649/001,California Frozen Food Industry Pension Plan,CA,327,2013,475000
136218251/001,Cattle Shochtim Local 491 Retirement Plan,NJ,13,2013,33100
386054583/001,Council 30 Retirement Plan - Sanders Plan,MI,144,2013,300500
276635486/001,CTDU Partition Pension Fund,IL,1379,2013,5004357
136600145/001,District 65 Pension Plan,NJ,5023,2013,16230200
386260586/001,Detroit Typographical Union Local 18,FL,271,2013,152000
136696565/001,Electronics 431 Pension Fund ,NY,541,2013,1671630
046053092/001,Graphic Arts Pressroom Retirement Plan,MA,59,2013,70400
136415834/001,Graphic Communications Local 51-Bindery Employers' Pension Fund,NY,441,2013,751100
166085493/001,Ironworkers Local No.6 Pension Plan,NY,457,2013,2481800
226147201/001,Joint Division 1541 - Boulevard PF,NJ,67,2013,67000
956281874/001,Kern County Plasterers ,CA,20,2013,45100
133078797/001,Local 20408 United Warehouse Industrial & Affiliated Trades Employees PF,NJ,68,2013,111300
132669167/001,Local 29 RWDSU Pension Plan,NY,176,2013,412900
516120687/001,Local 76 Resort Hotel Pension Fund,NY,219,2013,708700
521368443/001,Luggage Workers Union of Philadelphia & Vicinity Local #61 RP,PA,31,2013,26500
516031408/001,Metal Trades Industry Pension Plan & Trust Fund,CA,221,2013,728600
316136729/001,Milk & Ice Cream Industry Dairy Employees Union Pension Plan,OH,243,2013,813800
131815996/001,Motion Picture Laboratory Technicians Local 702 Pension Fund,NY,266,2013,705000
046357662/002,New Bedford FishLumpers ,MA,35,2013,182000
916062412/001,Northwest Textile Processors & Service Trades Pension Plan,WA,119,2013,209800
136366689/001,"Pension Fund of The New Independent Leather, Novelty & Plastic Workers Union",DE,1940,2013,897800
250913648/001,Printing Industry & Union Consolidated Pension Plan,PA,171,2013,278100
112006994/001,Production Service and Sales District Council Pension Fund,NY,2603,2013,7301000
596134877/001,PSA-ILA Pension Plan and Trust ,MS,57,2013,249700
136202748/001,Retail Local 906,NY,102,2013,174000
136088918/001,Retirement Fund of the Fur Manufacturing Industry,NY,636,2013,635000
166158018/001,Roofers' Local 195 Pension Plan,NY,128,2013,559700
226077641/001,Schiffli Embroidery Workers Pension Plan,NJ,875,2013,1628000
516030005/001,"So. CA, AZ, CO & So. NV Glaziers, Architectural Metal  & Glass Wkrs PP.",CA,1917,2013,4217000
620977497/001,Southern Council of Industrial Workers,WV,281,2013,472900
132843184/001,Teamsters Local 240 Pension Fund,MD,63,2013,131703
956382618/001,Terrazzo Industry Pension Trust Fund,CA,63,2013,118500
340120425/001,"United Brick & Clay Workers of America, AFL-CIO District Council #9 PP",OH,231,2013,179000
221468736/001,UFCW Local 1049 Retirement Fund,NJ,178,2013,462300
131913618/001,United Optical Workers Pension Fund,NY,437,2013,854100
516049525/001,Washington-Oregon Furniture Workers Pension Fund,WA,99,2013,110200
956035245/001,"Western Growers Pension Plan & Trust ""A""",CA,1577,2013,4765900
221546279/001,Wine & Liquor Salesmen of New Jersey Retirement Fund,NJ,587,2013,3335500
134920446/001,Amalgamated Insurance Fund (Clothing Fund),NY,21411,2012,28480000
730679063/001,Asbestos Workers Local 64 Pension Fund,OK,86,2012,601100
256153454/001,Associated Trades & Crafts Union Pension Plan,PA,71,2012,5217
510156428/001,Bay Area Laundry & Dry Cleaning Pension Fund (Dry Cleaning),CA,92,2012,172500
510156428/002,Bay Area Laundry & Dry Cleaning Pension Fund (Laundry),CA,130,2012,100700
160847280/002,Buffalo Carpenters Pension Fund,NY,633,2012,2746500
953250649/001,California Frozen Food Industry Pension Plan,CA,327,2012,521700
136218251/001,Cattle Shochtim Local 491 Retirement Plan,NJ,13,2012,29000
956145269/001,Cinema Pension Trust Retirement Plan,CA,32,2012,181766
386054583/001,Council 30 Retirement Plan - Sanders Plan,MI,144,2012,318200
276635486/001,CTDU Partition Pension Fund,IL,1379,2012,5403000
136600145/001,District 65 Pension Plan,NJ,5023,2012,16043500
136696565/001,Electronics 431 Pension Fund ,NY,541,2012,1602700
596211026/001,Florida Marble Polishers Pension Trust Fund,GA,84,2012,1934400
516099349/001,Fur Workers Local 3F Pension Plan,NY,90,2012,2064603
046053092/001,Graphic Arts Pressroom Retirement Plan,MA,59,2012,77900
136415834/001,Graphic Communications Local 51-Bindery Employers' Pension Fund,NY,441,2012,819900
166085493/001,Ironworkers Local No.6 Pension Plan,NY,457,2012,1505600
133078797/001,Local 20408 United Warehouse Industrial & Affiliated Trades Employees PF,NJ,68,2012,98500
132669167/001,Local 29 RWDSU Pension Plan,NY,176,2012,340500
516120687/001,Local 76 Resort Hotel Pension Fund,NY,219,2012,721100
521368443/001,Luggage Workers Union of Philadelphia & Vicinity Local #61 RP,PA,31,2012,43200
046011592/001,Massachusetts Leather Pension Plan,MA,256,2012,7265.38
116135316/001,Master Electro Platers Employees Pension Plan,CT,85,2012,790064
516031408/001,Metal Trades Industry Pension Plan & Trust Fund,CA,221,2012,533000
316136729/001,Milk & Ice Cream Industry Dairy Employees Union Pension Plan,OH,243,2012,673830
131815996/001,Motion Picture Laboratory Technicians Local 702 Pension Fund,NY,266,2012,740100
046357662/002,New Bedford FishLumpers ,MA,35,2012,144500
916062412/001,Northwest Textile Processors & Service Trades Pension Plan,WA,119,2012,152100
136366689/001,"Pension Fund of The New Independent Leather, Novelty & Plastic Workers Union",DE,1940,2012,1205815
250913648/001,Printing Industry & Union Consolidated Pension Plan,PA,171,2012,283700
112006994/001,Production Service and Sales District Council Pension Fund,NY,2603,2012,7422100
596134877/001,PSA-ILA Pension Plan and Trust ,MS,57,2012,241700
136202748/001,Retail Local 906,NY,102,2012,133500
136088918/001,Retirement Fund of the Fur Manufacturing Industry,NY,636,2012,825400
166158018/001,Roofers' Local 195 Pension Plan,NY,128,2012,580300
226077641/001,Schiffli Embroidery Workers Pension Plan,NJ,875,2012,1725500
516030005/001,"So. CA, AZ, CO & So. NV Glaziers, Architectural Metal  & Glass Wkrs PP.",CA,1917,2012,5470500
620977497/001,Southern Council of Industrial Workers,WV,281,2012,134300
132843184/001,Teamsters Local 240 Pension Fund,MD,63,2012,161950
956382618/001,Terrazzo Industry Pension Trust Fund,CA,63,2012,82200
226072924/001,Textile Foremen's Pension Plan and Trust,NJ,37,2012,351169
367396970/001,The Tiny Naylor's Inc. Pension Plan,CA,172,2012,33311
340120425/001,"United Brick & Clay Workers of America, AFL-CIO District Council #9 PP",OH,231,2012,20000
221468736/001,UFCW Local 1049 Retirement Fund,NJ,178,2012,397400
131913618/001,United Optical Workers Pension Fund,NY,437,2012,692600
516049525/001,Washington-Oregon Furniture Workers Pension Fund,WA,99,2012,105700
956035245/001,"Western Growers Pension Plan & Trust ""A""",CA,1577,2012,4943800
221546279/001,Wine & Liquor Salesmen of New Jersey Retirement Fund,NJ,587,2012,3423200
134920446/001,Amalgamated Insurance Fund (Clothing Fund),NY,21411,2011,29033000
730679063/001,Asbestos Workers Local 64 Pension Fund,OK,86,2011,127600
256153454/001,Associated Trades & Crafts Union Pension Plan,PA,71,2011,1157640
510156428/001,Bay Area Laundry & Dry Cleaning Pension Fund (Dry Cleaning),CA,92,2011,166300
510156428/002,Bay Area Laundry & Dry Cleaning Pension Fund (Laundry),CA,130,2011,90900
160847280/002,Buffalo Carpenters Pension Fund,NY,633,2011,2470500
953250649/001,California Frozen Food Industry Pension Plan,CA,327,2011,318700
136218251/001,Cattle Shochtim Local 491 Retirement Plan,NJ,13,2011,31700
386054583/001,Council 30 Retirement Plan - Sanders Plan,MI,144,2011,341000
276635486/001,CTDU Partition Pension Fund,IL,1379,2011,13408664.76
136600145/001,District 65 Pension Plan,NJ,5023,2011,18223180.17
136696565/001,Electronics 431 Pension Fund ,NY,541,2011,509300
956410429/001,Employers & Fishermen & Allied Wk. Local 33 PF,CA,683,2011,9539493
953011935/001,"Fishermen's Union of America, AFL-CIO San Pedro Pension TF",CA,214,2011,44130
596211026/001,Florida Marble Polishers Pension Trust Fund,GA,84,2011,227200
516099349/001,Fur Workers Local 3F Pension Plan,NY,90,2011,239400
046053092/001,Graphic Arts Pressroom Retirement Plan,MA,59,2011,129900
136415834/001,Graphic Communications Local 51-Bindery Employers' Pension Fund,NY,441,2011,852160
136305536/001,Local 144 Funeral Directors Pension Plan,NJ,87,2011,1099741
133078797/001,Local 20408 United Warehouse Industrial & Affiliated Trades Employees PF,NJ,68,2011,106300
132669167/001,Local 29 RWDSU Pension Plan,NY,176,2011,344700
166109466/001,Local 442 Laborers Int'l Union of N.A. PP,NY,46,2011,2027228
516120687/001,Local 76 Resort Hotel Pension Fund,NY,219,2011,398800
521368443/001,Luggage Workers Union of Philadelphia & Vicinity Local #61 RP,PA,31,2011,48900
046011592/001,Massachusetts Leather Pension Plan,MA,256,2011,1317279
116135316/001,Master Electro Platers Employees Pension Plan,CT,85,2011,75375
516031408/001,Metal Trades Industry Pension Plan & Trust Fund,CA,221,2011,495400
316136729/001,Milk & Ice Cream Industry Dairy Employees Union Pension Plan,OH,243,2011,628700
131815996/001,Motion Picture Laboratory Technicians Local 702 Pension Fund,NY,266,2011,777000
916062412/001,Northwest Textile Processors & Service Trades Pension Plan,WA,119,2011,161000
136366689/001,"Pension Fund of The New Independent Leather, Novelty & Plastic Workers Union",DE,1940,2011,1567500
250913648/001,Printing Industry & Union Consolidated Pension Plan,PA,171,2011,290000
112006994/001,Production Service and Sales District Council Pension Fund,NY,2603,2011,7775600
596134877/001,PSA-ILA Pension Plan and Trust ,MS,57,2011,71700
136088918/001,Retirement Fund of the Fur Manufacturing Industry,NY,636,2011,892100
166158018/001,Roofers' Local 195 Pension Plan,NY,128,2011,561800
226077641/001,Schiffli Embroidery Workers Pension Plan,NJ,875,2011,1651900
516030005/001,"So. CA, AZ, CO & So. NV Glaziers, Architectural Metal  & Glass Wkrs PP.",CA,1917,2011,5865000
132843184/001,Teamsters Local 240 Pension Fund,MD,63,2011,145800
236541708/001,Teamsters Local 830-Laundry Division & Philadelphia Textile Maintenance PP,PA,230,2011,5220
226072924/001,Textile Foremen's Pension Plan and Trust,NJ,37,2011,44600
367396970/001,The Tiny Naylor's Inc. Pension Plan,CA,172,2011,115850
340120425/001,"United Brick & Clay Workers of America, AFL-CIO District Council #9 PP",OH,231,2011,37000
221468736/001,UFCW Local 1049 Retirement Fund,NJ,178,2011,509900
131913618/001,United Optical Workers Pension Fund,NY,437,2011,736500
516049525/001,Washington-Oregon Furniture Workers Pension Fund,WA,99,2011,116700
956035245/001,"Western Growers Pension Plan & Trust ""A""",CA,1577,2011,5884500
221546279/001,Wine & Liquor Salesmen of New Jersey Retirement Fund,NJ,587,2011,3691700
134920446/001,Amalgamated Insurance Fund (Clothing Fund),NY,21411,2010,30250000
056034750/001,"Amalgamated Lace Operatives of America, Lever Section, Joint PP",RI,59,2010,6614
256153454/001,Associated Trades & Crafts Union Pension Plan,PA,71,2010,129100
510156428/001,Bay Area Laundry & Dry Cleaning Pension Fund (Dry Cleaning),CA,92,2010,194700
510156428/002,Bay Area Laundry & Dry Cleaning Pension Fund (Laundry),CA,130,2010,129600
740706638/001,"Brewery, Soft Drink, Industrial & Allied Workers Local Union No. 968 PP",TX,107,2010,1084428
160847280/002,Buffalo Carpenters Pension Fund,NY,633,2010,3289000
953250649/001,California Frozen Food Industry Pension Plan,CA,327,2010,567900
136218251/001,Cattle Shochtim Local 491 Retirement Plan,NJ,13,2010,36000
956145269/001,Cinema Pension Trust Retirement Plan,CA,32,2010,36000
386054583/001,Council 30 Retirement Plan - Sanders Plan,MI,144,2010,385600
276635486/001,CTDU Partition Pension Fund,IL,1379,2010,3011800
136600145/001,District 65 Pension Plan,NJ,5023,2010,17869300
956410429/001,Employers & Fishermen & Allied Wk. Local 33 PF,CA,683,2010,749600
953011935/001,"Fishermen's Union of America, AFL-CIO San Pedro Pension TF",CA,214,2010,1786300
596211026/001,Florida Marble Polishers Pension Trust Fund,GA,84,2010,187600
516099349/001,Fur Workers Local 3F Pension Plan,NY,90,2010,296000
046053092/001,Graphic Arts Pressroom Retirement Plan,MA,59,2010,33700
136415834/001,Graphic Communications Local 51-Bindery Employers' Pension Fund,NY,441,2010,891500
136305536/001,Local 144 Funeral Directors Pension Plan,NJ,87,2010,150400
133078797/001,Local 20408 United Warehouse Industrial & Affiliated Trades Employees PF,NJ,68,2010,115600
132669167/001,Local 29 RWDSU Pension Plan,NY,176,2010,314000
166109466/001,Local 442 Laborers Int'l Union of N.A. PP,NY,46,2010,106800
411662305/001,Local Union 880 & the Display Industry Pension Plan,MN,155,2010,3518838
521368443/001,Luggage Workers Union of Philadelphia & Vicinity Local #61 RP,PA,31,2010,33200
046011592/001,Massachusetts Leather Pension Plan,MA,256,2010,220100
116135316/001,Master Electro Platers Employees Pension Plan,CT,85,2010,33300
516031408/001,Metal Trades Industry Pension Plan & Trust Fund,CA,221,2010,349000
316136729/001,Milk & Ice Cream Industry Dairy Employees Union Pension Plan,OH,243,2010,750400
131815996/001,Motion Picture Laboratory Technicians Local 702 Pension Fund,NY,266,2010,829000
916062412/001,Northwest Textile Processors & Service Trades Pension Plan,WA,119,2010,194100
020361890/001,Painters' Local #1042 Pension Plan,NH,18,2010,169451
136366689/001,"Pension Fund of The New Independent Leather, Novelty & Plastic Workers Union",DE,1940,2010,1325100
351992456/001,Plasterers' Union Local No. 123 Pension Fund,IN,33,2010,656508
250913648/001,Printing Industry & Union Consolidated Pension Plan,PA,171,2010,212900
112006994/001,Production Service and Sales District Council Pension Fund,NY,2603,2010,7861600
730999404/001,Resilient Floor Coverers' Local 1533 Pension Trust Fund,TX,41,2010,1023897.46
136088918/001,Retirement Fund of the Fur Manufacturing Industry,NY,636,2010,616400
166158018/001,Roofers' Local 195 Pension Plan,NY,128,2010,143700
226077641/001,Schiffli Embroidery Workers Pension Plan,NJ,875,2010,1947600
516030005/001,"So. CA, AZ, CO & So. NV Glaziers, Architectural Metal  & Glass Wkrs PP.",CA,1917,2010,4682914
132843184/001,Teamsters Local 240 Pension Fund,MD,63,2010,174800
236541708/001,Teamsters Local 830-Laundry Division & Philadelphia Textile Maintenance PP,PA,230,2010,2253406
226072924/001,Textile Foremen's Pension Plan and Trust,NJ,37,2010,53900
367396970/001,The Tiny Naylor's Inc. Pension Plan,CA,172,2010,15598.18
221468736/001,UFCW Local 1049 Retirement Fund,NJ,178,2010,396000
131913618/001,United Optical Workers Pension Fund,NY,437,2010,748950
516049525/001,Washington-Oregon Furniture Workers Pension Fund,WA,99,2010,120000
956035245/001,"Western Growers Pension Plan & Trust ""A""",CA,1577,2010,5190500
221546279/001,Wine & Liquor Salesmen of New Jersey Retirement Fund,NJ,587,2010,1940600
134920446/001,Amalgamated Insurance Fund (Clothing Fund),NY,21411,2009,32500000
056034750/001,"Amalgamated Lace Operatives of America, Lever Section, Joint PP",RI,59,2009,60701
256153454/001,Associated Trades & Crafts Union Pension Plan,PA,71,2009,129800
510156428/001,Bay Area Laundry & Dry Cleaning Pension Fund (Dry Cleaning),CA,92,2009,204600
740706638/001,"Brewery, Soft Drink, Industrial & Allied Workers Local Union No. 968 PP",TX,107,2009,157000
160847280/002,Buffalo Carpenters Pension Fund,NY,633,2009,3203700
953250649/001,California Frozen Food Industry Pension Plan,CA,327,2009,464300
136218251/001,Cattle Shochtim Local 491 Retirement Plan,NJ,13,2009,42300
956145269/001,Cinema Pension Trust Retirement Plan,CA,32,2009,111200
386054583/001,Council 30 Retirement Plan - Sanders Plan,MI,144,2009,536800
136600145/001,District 65 Pension Plan,NJ,5023,2009,18114100
112443470/001,Division 1181-1061 A.T.U. - Long Island Pension Fund,NY,39,2009,410210
956410429/001,Employers & Fishermen & Allied Wk. Local 33 PF,CA,683,2009,712900
953011935/001,"Fishermen's Union of America, AFL-CIO San Pedro Pension TF",CA,214,2009,113900
516099349/001,Fur Workers Local 3F Pension Plan,NY,90,2009,296500
046053092/001,Graphic Arts Pressroom Retirement Plan,MA,59,2009,60400
136415834/001,Graphic Communications Local 51-Bindery Employers' Pension Fund,NY,441,2009,915300
362601620/001,"Laundry, Dry Cleaning & Dye House Workers' Pension Plan",IL,326,2009,117400
136305536/001,Local 144 Funeral Directors Pension Plan,NJ,87,2009,143300
133078797/001,Local 20408 United Warehouse Industrial & Affiliated Trades Employees PF,NJ,68,2009,94200
132669167/001,Local 29 RWDSU Pension Plan,NY,176,2009,318000
166109466/001,Local 442 Laborers Int'l Union of N.A. PP,NY,46,2009,29000
411662305/001,Local Union 880 & the Display Industry Pension Plan,MN,155,2009,135300
521368443/001,Luggage Workers Union of Philadelphia & Vicinity Local #61 RP,PA,31,2009,41600
521368443/001,Luggage Workers Union Retirement Plan Local 61,NY ,31,2009,5777537
046011592/001,Massachusetts Leather Pension Plan,MA,256,2009,216100
316136729/001,Milk & Ice Cream Industry Dairy Employees Union Pension Plan,OH,243,2009,982600
131815996/001,Motion Picture Laboratory Technicians Local 702 Pension Fund,NY,266,2009,1138400
916062412/001,Northwest Textile Processors & Service Trades Pension Plan,WA,119,2009,192900
020361890/001,Painters' Local #1042 Pension Plan,NH,18,2009,7200
136366689/001,"Pension Fund of The New Independent Leather, Novelty & Plastic Workers Union",DE,1940,2009,1251000
112006994/001,Production Service and Sales District Council Pension Fund,NY,2603,2009,7844764
730999404/001,Resilient Floor Coverers' Local 1533 Pension Trust Fund,TX,41,2009,96900
136088918/001,Retirement Fund of the Fur Manufacturing Industry,NY,636,2009,1059800
166158018/001,Roofers' Local 195 Pension Plan,NY,128,2009,189700
226077641/001,Schiffli Embroidery Workers Pension Plan,NJ,875,2009,4.00E+05
132843184/001,Teamsters Local 240 Pension Fund,MD,63,2009,153700
236541708/001,Teamsters Local 830-Laundry Division & Philadelphia Textile Maintenance PP,PA,230,2009,92000
226072924/001,Textile Foremen's Pension Plan and Trust,NJ,37,2009,82300
367396970/001,The Tiny Naylor's Inc. Pension Plan,CA,172,2009,1138905
546124578/001,Tilesetters and Marble Masons Local Union No. 2 Pension Plan,VA,33,2009,2241
131913618/001,United Optical Workers Pension Fund,NY,437,2009,757700
516049525/001,Washington-Oregon Furniture Workers Pension Fund,WA,99,2009,134000
956035245/001,"Western Growers Pension Plan & Trust ""A""",CA,1577,2009,5206200
134920446/001,Amalgamated Insurance Fund (Clothing Fund),NY,21411,2008,34250000
056034750/001,"Amalgamated Lace Operatives of America, Lever Section, Joint PP",RI,59,2008,513800
756170685/001,Asbestos Workers Local 66 Pension Fund,TX,85,2008,2173158
256153454/001,Associated Trades & Crafts Union Pension Plan,PA,71,2008,70900
510156428/001,Bay Area Laundry & Dry Cleaning Pension Fund (Dry Cleaning),CA,92,2008,182000
740706638/001,"Brewery, Soft Drink, Industrial & Allied Workers Local Union No. 968 PP",TX,107,2008,168900
161119653/002,Brewery Workers Local 1149 Pension Plan,NY,65,2008,748419
160847280/002,Buffalo Carpenters Pension Fund,NY,633,2008,4365600
953250649/001,California Frozen Food Industry Pension Plan,CA,327,2008,342900
136218251/001,Cattle Shochtim Local 491 Retirement Plan,NJ,13,2008,75600
956145269/001,Cinema Pension Trust Retirement Plan,CA,32,2008,35000
386054583/001,Council 30 Retirement Plan - Sanders Plan,MI,144,2008,474500
136600145/001,District 65 Pension Plan,NJ,5023,2008,18261600
112443470/001,Division 1181-1061 A.T.U. - Long Island Pension Fund,NY,39,2008,65700
956410429/001,Employers & Fishermen & Allied Wk. Local 33 PF,CA,683,2008,579900
956248054/001,Fisherman's Pension Plan Trust Fund,CA,29,2008,10736
516099349/001,Fur Workers Local 3F Pension Plan,NY,90,2008,283500
516096478/001,Gloucester Seafood Workers Pension Plan,NY,62,2008,2441758
046053092/001,Graphic Arts Pressroom Retirement Plan,MA,59,2008,68500
136415834/001,Graphic Communications Local 51-Bindery Employers' Pension Fund,NY,441,2008,948400
362601620/001,"Laundry, Dry Cleaning & Dye House Workers' Pension Plan",IL,326,2008,134000
136305536/001,Local 144 Funeral Directors Pension Plan,NJ,87,2008,143400
133078797/001,Local 20408 United Warehouse Industrial & Affiliated Trades Employees PF,NJ,68,2008,110500
132669167/001,Local 29 RWDSU Pension Plan,NY,176,2008,348900
411662305/001,Local Union 880 & the Display Industry Pension Plan,MN,155,2008,111800
521368443/001,Luggage Workers Union of Philadelphia & Vicinity Local #61 RP,PA,31,2008,42100
316136729/001,Milk & Ice Cream Industry Dairy Employees Union Pension Plan,OH,243,2008,698000
131815996/001,Motion Picture Laboratory Technicians Local 702 Pension Fund,NY,266,2008,685500
916062412/001,Northwest Textile Processors & Service Trades Pension Plan,WA,119,2008,215500
020361890/001,Painters' Local #1042 Pension Plan,NH,18,2008,7100
136366689/001,"Pension Fund of The New Independent Leather, Novelty & Plastic Workers Union",DE,1940,2008,1243300
112006994/001,Production Service and Sales District Council Pension Fund,NY,2603,2008,7095900
730999404/001,Resilient Floor Coverers' Local 1533 Pension Trust Fund,TX,41,2008,67800
136088918/001,Retirement Fund of the Fur Manufacturing Industry,NY,636,2008,965442
132843184/001,Teamsters Local 240 Pension Fund,MD,63,2008,215700
236541708/001,Teamsters Local 830-Laundry Division & Philadelphia Textile Maintenance PP,PA,230,2008,146800
226072924/001,Textile Foremen's Pension Plan and Trust,NJ,37,2008,37500
367396970/001,The Tiny Naylor's Inc. Pension Plan,CA,172,2008,37000
546124578/001,Tilesetters and Marble Masons Local Union No. 2 Pension Plan,VA,33,2008,25388
131913618/001,United Optical Workers Pension Fund,NY,437,2008,792500
516049525/001,Washington-Oregon Furniture Workers Pension Fund,WA,99,2008,135000
956035245/001,"Western Growers Pension Plan & Trust ""A""",CA,1577,2008,5303400
134920446/001,Amalgamated Insurance Fund (Clothing Fund),NY,21411,2007,34750000
056034750/001,"Amalgamated Lace Operatives of America, Lever Section, Joint PP",RI,59,2007,85200
256153454/001,Associated Trades & Crafts Union Pension Plan,PA,71,2007,81600
510156428/001,Bay Area Laundry & Dry Cleaning Pension Fund (Dry Cleaning),CA,92,2007,96700
510156428/002,Bay Area Laundry & Dry Cleaning Pension Fund (Laundry),CA,130,2007,76100
740706638/001,"Brewery, Soft Drink, Industrial & Allied Workers Local Union No. 968 PP",TX,107,2007,182600
161119653/002,Brewery Workers Local 1149 Pension Plan,NY,65,2007,59600
160847280/002,Buffalo Carpenters Pension Fund,NY,633,2007,2317200
953250649/001,California Frozen Food Industry Pension Plan,CA,327,2007,571300
386054583/001,Council 30 Retirement Plan - Sanders Plan,MI,144,2007,364100
136600145/001,District 65 Pension Plan,NJ,5023,2007,18839900
112443470/001,Division 1181-1061 A.T.U. - Long Island Pension Fund,NY,39,2007,53000
956248054/001,Fisherman's Pension Plan Trust Fund,CA,29,2007,199300
516099349/001,Fur Workers Local 3F Pension Plan,NY,90,2007,328200
046053092/001,Graphic Arts Pressroom Retirement Plan,MA,59,2007,78200
136415834/001,Graphic Communications Local 51-Bindery Employers' Pension Fund,NY,441,2007,1037700
236588239/001,Hotel and Restaurant Employees Union Local 18 Pension Fund,VA,3,2007,21900
136305536/001,Local 144 Funeral Directors Pension Plan,NJ,87,2007,136200
133078797/001,Local 20408 United Warehouse Industrial & Affiliated Trades Employees PF,NJ,68,2007,105000
132669167/001,Local 29 RWDSU Pension Plan,NY,176,2007,351200
411662305/001,Local Union 880 & the Display Industry Pension Plan,MN,155,2007,142100
521368443/001,Luggage Workers Union of Philadelphia & Vicinity Local #61 RP,PA,31,2007,46800
131815996/001,Motion Picture Laboratory Technicians Local 702 Pension Fund,NY,266,2007,847000
916062412/001,Northwest Textile Processors & Service Trades Pension Plan,WA,119,2007,220800
020361890/001,Painters' Local #1042 Pension Plan,NH,18,2007,7130
136366689/001,"Pension Fund of The New Independent Leather, Novelty & Plastic Workers Union",DE,1940,2007,1047200
112006994/001,Production Service and Sales District Council Pension Fund,NY,2603,2007,5380500
730999404/001,Resilient Floor Coverers' Local 1533 Pension Trust Fund,TX,41,2007,56400
516040854/001,Retail Clerks Union District Council No. 12 Variety & Dept. Stores PP,IN,108,2007,549863
136088918/001,Retirement Fund of the Fur Manufacturing Industry,NY,636,2007,906300
236541708/001,Teamsters Local 830-Laundry Division & Philadelphia Textile Maintenance PP,PA,230,2007,112300
226072924/001,Textile Foremen's Pension Plan and Trust,NJ,37,2007,48600
546124578/001,Tilesetters and Marble Masons Local Union No. 2 Pension Plan,VA,33,2007,22300
131913618/001,United Optical Workers Pension Fund,NY,437,2007,881900
516049525/001,Washington-Oregon Furniture Workers Pension Fund,WA,99,2007,149100
956035245/001,"Western Growers Pension Plan & Trust ""A""",CA,1577,2007,1716200
134920446/001,Amalgamated Insurance Fund (Clothing Fund),NY,21411,2006,36650000
510156428/001,Bay Area Laundry & Dry Cleaning Pension Fund (Dry Cleaning),CA,92,2006,237900
510156428/002,Bay Area Laundry & Dry Cleaning Pension Fund (Laundry),CA,130,2006,118600
740706638/001,"Brewery, Soft Drink, Industrial & Allied Workers Local Union No. 968 PP",TX,107,2006,190200
161119653/002,Brewery Workers Local 1149 Pension Plan,NY,65,2006,61000
160847280/002,Buffalo Carpenters Pension Fund,NY,633,2006,4253000
953250649/001,California Frozen Food Industry Pension Plan,CA,327,2006,450000
136218251/001,Cattle Shochtim Local 491 Retirement Plan,NJ,13,2006,43600
386054583/001,Council 30 Retirement Plan - Sanders Plan,MI,144,2006,635610
136600145/001,District 65 Pension Plan,NJ,5023,2006,17604760
112443470/001,Division 1181-1061 A.T.U. - Long Island Pension Fund,NY,39,2006,37200
956248054/001,Fisherman's Pension Plan Trust Fund,CA,29,2006,19300
516099349/001,Fur Workers Local 3F Pension Plan,NY,90,2006,325000
116045357/001,Granite Cutters Pension Fund,NY,24,2006,176000
046053092/001,Graphic Arts Pressroom Retirement Plan,MA,59,2006,106500
136415834/001,Graphic Communications Local 51-Bindery Employers' Pension Fund,NY,441,2006,996100
136305536/001,Local 144 Funeral Directors Pension Plan,NJ,87,2006,136300
133078797/001,Local 20408 United Warehouse Industrial & Affiliated Trades Employees PF,NJ,68,2006,101000
132669167/001,Local 29 RWDSU Pension Plan,NY,176,2006,319600
411662305/001,Local Union 880 & the Display Industry Pension Plan,MN,155,2006,26200
521368443/001,Luggage Workers Union of Philadelphia & Vicinity Local #61 RP,PA,31,2006,50700
131815996/001,Motion Picture Laboratory Technicians Local 702 Pension Fund,NY,266,2006,1292200
916062412/001,Northwest Textile Processors & Service Trades Pension Plan,WA,119,2006,245900
020361890/001,Painters' Local #1042 Pension Plan,NH,18,2006,7200
136366689/001,"Pension Fund of The New Independent Leather, Novelty & Plastic Workers Union",DE,1940,2006,975100
112006994/001,Production Service and Sales District Council Pension Fund,NY,2603,2006,2433400
516040854/001,Retail Clerks Union District Council No. 12 Variety & Dept. Stores PP,IN,108,2006,84100
136088918/001,Retirement Fund of the Fur Manufacturing Industry,NY,636,2006,1103900
236541708/001,Teamsters Local 830-Laundry Division & Philadelphia Textile Maintenance PP,PA,230,2006,236600
226072924/001,Textile Foremen's Pension Plan and Trust,NJ,37,2006,53800
546124578/001,Tilesetters and Marble Masons Local Union No. 2 Pension Plan,VA,33,2006,4000
131913618/001,United Optical Workers Pension Fund,NY,437,2006,962700
516049525/001,Washington-Oregon Furniture Workers Pension Fund,WA,99,2006,159000
134920446/001,Amalgamated Insurance Fund (Clothing Fund),NY,21411,2005,3250000
510156428/001,Bay Area Laundry & Dry Cleaning Pension Fund (Dry Cleaning),CA,92,2005,161400
740706638/001,"Brewery, Soft Drink, Industrial & Allied Workers Local Union No. 968 PP",TX,107,2005,199301
161119653/002,Brewery Workers Local 1149 Pension Plan,NY,65,2005,64000
160847280/002,Buffalo Carpenters Pension Fund,NY,633,2005,2921600
953250649/001,California Frozen Food Industry Pension Plan,CA,327,2005,498710
046072519/001,Capmakers Union Local No. 4 Retirement Plan,NY,7519,2005,92562
136218251/001,Cattle Shochtim Local 491 Retirement Plan,NJ,13,2005,42500
386054583/001,Council 30 Retirement Plan - Sanders Plan,MI,144,2005,543090
112443470/001,Division 1181-1061 A.T.U. - Long Island Pension Fund,NY,39,2005,63400
516099349/001,Fur Workers Local 3F Pension Plan,NY,90,2005,366000
046053092/001,Graphic Arts Pressroom Retirement Plan,MA,59,2005,57781
136415834/001,Graphic Communications Local 51-Bindery Employers' Pension Fund,NY,441,2005,969428
236588239/001,Hotel and Restaurant Employees Union Local 18 Pension Fund,VA,3,2005,11000
136305536/001,Local 144 Funeral Directors Pension Plan,NJ,87,2005,138151
133078797/001,Local 20408 United Warehouse Industrial & Affiliated Trades Employees PF,NJ,68,2005,108000
132669167/001,Local 29 RWDSU Pension Plan,NY,176,2005,214900
411662305/001,Local Union 880 & the Display Industry Pension Plan,MN,155,2005,109200
521368443/001,Luggage Workers Union of Philadelphia & Vicinity Local #61 RP,PA,31,2005,53008
131815996/001,Motion Picture Laboratory Technicians Local 702 Pension Fund,NY,266,2005,1003500
916062412/001,Northwest Textile Processors & Service Trades Pension Plan,WA,119,2005,266900
020361890/001,Painters' Local #1042 Pension Plan,NH,18,2005,7200
526117390/001,Plasterer's Local No. 155 Pension Plan,MD,31,2005,535046
516040854/001,Retail Clerks Union District Council No. 12 Variety & Dept. Stores PP,IN,108,2005,88300
136088918/001,Retirement Fund of the Fur Manufacturing Industry,NY,636,2005,1176611
236541708/001,Teamsters Local 830-Laundry Division & Philadelphia Textile Maintenance PP,PA,230,2005,342500
226072924/001,Textile Foremen's Pension Plan and Trust,NJ,37,2005,58100
131913618/001,United Optical Workers Pension Fund,NY,437,2005,251000
516049525/001,Washington-Oregon Furniture Workers Pension Fund,WA,99,2005,164500
